-- phpMyAdmin SQL Dump
-- version 5.2.1
-- https://www.phpmyadmin.net/
--
-- Host: 127.0.0.1
-- Waktu pembuatan: 14 Mar 2026 pada 08.44
-- Versi server: 10.4.32-MariaDB
-- Versi PHP: 8.2.12

SET SQL_MODE = "NO_AUTO_VALUE_ON_ZERO";
START TRANSACTION;
SET time_zone = "+00:00";


/*!40101 SET @OLD_CHARACTER_SET_CLIENT=@@CHARACTER_SET_CLIENT */;
/*!40101 SET @OLD_CHARACTER_SET_RESULTS=@@CHARACTER_SET_RESULTS */;
/*!40101 SET @OLD_COLLATION_CONNECTION=@@COLLATION_CONNECTION */;
/*!40101 SET NAMES utf8mb4 */;

--
-- Database: `inventory_db`
--

-- --------------------------------------------------------

--
-- Struktur dari tabel `items`
--

CREATE TABLE `items` (
  `id` int(11) NOT NULL,
  `part_name` varchar(100) NOT NULL,
  `part_number` varchar(100) NOT NULL,
  `current_stock` int(11) NOT NULL DEFAULT 0,
  `location_id` int(11) DEFAULT NULL,
  `created_at` timestamp NOT NULL DEFAULT current_timestamp(),
  `updated_at` timestamp NOT NULL DEFAULT current_timestamp() ON UPDATE current_timestamp()
) ENGINE=InnoDB DEFAULT CHARSET=utf8mb4 COLLATE=utf8mb4_general_ci;

--
-- Dumping data untuk tabel `items`
--

INSERT INTO `items` (`id`, `part_name`, `part_number`, `current_stock`, `location_id`, `created_at`, `updated_at`) VALUES
(1, 'Cylinder Block', '105700-01011-D', 0, 1, '2026-03-03 02:16:40', '2026-03-14 06:21:48'),
(2, 'Cylinder Block', '105900-01010', 0, 1, '2026-03-03 02:16:40', '2026-03-03 03:17:33'),
(3, 'Cylinder Block', '10510G-01020', 0, 1, '2026-03-03 02:16:40', '2026-03-03 03:17:33'),
(4, 'Cylinder Block', '10510G-01010', 0, 1, '2026-03-03 02:16:40', '2026-03-03 02:16:59'),
(5, 'Cylinder Block', '10540H-01011-F', 0, 1, '2026-03-03 02:16:40', '2026-03-03 02:16:59'),
(6, 'Cylinder Block', '105890-01010', 0, 1, '2026-03-03 02:16:40', '2026-03-03 02:16:59'),
(7, 'Cylinder Block', '105990-01011', 0, 1, '2026-03-03 02:16:40', '2026-03-03 02:16:59'),
(8, 'Cylinder Head', '105106-11015', 0, 1, '2026-03-03 02:16:40', '2026-03-03 03:17:33'),
(9, 'Cylinder Head', '105406-11010', 0, 1, '2026-03-03 02:16:40', '2026-03-03 03:17:33'),
(10, 'Cylinder Head', '105506-11010', 10, 1, '2026-03-03 02:16:40', '2026-03-12 03:07:02'),
(11, 'Cylinder Head', '105706-11010', 0, 1, '2026-03-03 02:16:40', '2026-03-03 03:17:33'),
(12, 'Cylinder Head', '105890-11010', 0, 1, '2026-03-03 02:16:40', '2026-03-03 02:16:59'),
(13, 'Cylinder Head', '105990-11011', 0, 1, '2026-03-03 02:16:40', '2026-03-03 03:17:33'),
(14, 'Cylinder Head', '105900-11010', 0, 1, '2026-03-03 02:16:40', '2026-03-03 03:17:33'),
(15, 'Fly Wheel', '105500-21402', 5, 1, '2026-03-03 02:16:40', '2026-03-12 03:07:05'),
(16, 'Fly Wheel', '105500-21420', 0, 1, '2026-03-03 02:16:40', '2026-03-03 02:16:59'),
(17, 'Fly Wheel', '10570G-21400', 0, 1, '2026-03-03 02:16:40', '2026-03-03 03:17:33'),
(18, 'Fly Wheel', '105700-21411', 0, 1, '2026-03-03 02:16:40', '2026-03-03 03:17:33'),
(19, 'Fly Wheel', '105900-21400', 0, 1, '2026-03-03 02:16:40', '2026-03-03 02:16:59'),
(20, 'Fly Wheel', '105100-21400', 0, 1, '2026-03-03 02:16:40', '2026-03-03 02:16:59'),
(21, 'Fly Wheel', '105270-21420', 0, 1, '2026-03-03 02:16:40', '2026-03-03 02:16:59'),
(22, 'Fly Wheel', '105300-21401', 0, 1, '2026-03-03 02:16:40', '2026-03-03 02:16:59'),
(23, 'Fly Wheel', '105410-21420', 0, 1, '2026-03-03 02:16:40', '2026-03-03 02:16:59'),
(24, 'Fly Wheel', '105890-21400', 0, 1, '2026-03-03 02:16:40', '2026-03-03 03:17:33'),
(25, 'Fly Wheel', '105891-21430', 0, 1, '2026-03-03 02:16:40', '2026-03-03 02:16:59'),
(26, 'Fly Wheel', '105991-21400', 0, 1, '2026-03-03 02:16:40', '2026-03-03 02:16:59'),
(27, 'Fly Wheel', '10599G-21400', 0, 1, '2026-03-03 02:16:40', '2026-03-03 02:16:59'),
(28, 'FO Pump', '105500-51012-D', 5, 1, '2026-03-03 02:16:40', '2026-03-12 03:07:07'),
(29, 'FO Pump', '105990-51012-D', 0, 1, '2026-03-03 02:16:40', '2026-03-03 02:16:59'),
(30, 'FO Pump', '105900-51011-D', 0, 1, '2026-03-03 02:16:40', '2026-03-03 02:16:59'),
(31, 'Gearcase', '10560H-01400', 10, 1, '2026-03-03 02:16:40', '2026-03-12 04:02:17'),
(32, 'Gearcase', '10567G-01390', 0, 1, '2026-03-03 02:16:40', '2026-03-03 03:17:33'),
(33, 'Gearcase', '10570G-01390', 0, 1, '2026-03-03 02:16:40', '2026-03-03 02:16:59'),
(34, 'Gearcase', '105810-01390', 0, 1, '2026-03-03 02:16:40', '2026-03-03 03:17:33'),
(35, 'Gearcase', '105900-01390', 0, 1, '2026-03-03 02:16:40', '2026-03-03 03:17:33'),
(36, 'Gearcase', '10510G-01390', 0, 1, '2026-03-03 02:16:40', '2026-03-03 03:17:33'),
(37, 'Gearcase', '10519G-01390', 0, 1, '2026-03-03 02:16:40', '2026-03-03 02:16:59'),
(38, 'Gearcase', '10540H-01400', 0, 1, '2026-03-03 02:16:40', '2026-03-03 03:17:33'),
(39, 'Gearcase', '10547G-01390', 0, 1, '2026-03-03 02:16:40', '2026-03-03 02:16:59'),
(40, 'Gearcase', '105890-01401', 0, 1, '2026-03-03 02:16:40', '2026-03-03 02:16:59'),
(41, 'Gearcase', '105990-01401', 0, 1, '2026-03-03 02:16:40', '2026-03-03 03:17:33'),
(42, 'Bal Shaft', '105500-28251-F', 85, 2, '2026-03-07 01:40:36', '2026-03-14 06:37:37'),
(43, 'Bal Shaft', '10571H-28250', 1, 2, '2026-03-07 01:40:36', '2026-03-07 03:30:01'),
(44, 'Bal Shaft', '105700-28251-F', 0, 2, '2026-03-07 01:40:36', '2026-03-07 01:41:34'),
(45, 'Bal Shaft', '105190-28250-F', 0, 2, '2026-03-07 01:40:36', '2026-03-07 01:41:34'),
(46, 'Bal Shaft', '105300-28251-F', 0, 2, '2026-03-07 01:40:36', '2026-03-07 01:41:34'),
(47, 'Bal Shaft', '105890-28270-F', 1, 2, '2026-03-07 01:40:36', '2026-03-10 07:45:05'),
(48, 'Bal Shaft', '105990-28270-F', 0, 2, '2026-03-07 01:40:36', '2026-03-07 01:41:34'),
(49, 'Bal Weight', '105500-21100', 8, 2, '2026-03-07 01:40:36', '2026-03-07 02:41:28'),
(50, 'Bal Weight', '105700-21100', 0, 2, '2026-03-07 01:40:36', '2026-03-07 01:41:34'),
(51, 'Bal Weight', '105100-21100', 0, 2, '2026-03-07 01:40:36', '2026-03-07 01:41:34'),
(52, 'Bal Weight', '105190-21100', 0, 2, '2026-03-07 01:40:36', '2026-03-07 01:41:34'),
(53, 'Bal Weight', '105300-21100', 0, 2, '2026-03-07 01:40:36', '2026-03-07 01:41:34'),
(54, 'Bal Weight', '10540G-21100', 0, 2, '2026-03-07 01:40:36', '2026-03-07 01:41:34'),
(55, 'Bal Weight', '105890-21100', 0, 2, '2026-03-07 01:40:36', '2026-03-07 01:41:34'),
(56, 'Bal Weight', '10599G-21100', 0, 2, '2026-03-07 01:40:36', '2026-03-07 01:41:34'),
(57, 'Cr Shaft', '105990-21100', 0, 2, '2026-03-07 01:40:36', '2026-03-07 01:41:34'),
(58, 'Cr Shaft', '10550H-21010', 5, 2, '2026-03-07 01:40:36', '2026-03-07 02:41:31'),
(59, 'Cr Shaft', '105710-21010', 0, 2, '2026-03-07 01:40:36', '2026-03-07 01:41:34'),
(60, 'Cr Shaft', '105700-21010', 0, 2, '2026-03-07 01:40:36', '2026-03-07 01:41:34'),
(61, 'Cr Shaft', '105100-21010', 0, 2, '2026-03-07 01:40:36', '2026-03-07 01:41:34'),
(62, 'Cr Shaft', '10530H-21010', 0, 2, '2026-03-07 01:40:36', '2026-03-07 01:41:34'),
(63, 'Cyl Liner', '10550H-01100', 10, 2, '2026-03-07 01:40:36', '2026-03-14 06:39:33'),
(64, 'Cyl Liner', '10560H-01100', 0, 2, '2026-03-07 01:40:36', '2026-03-07 01:41:34'),
(65, 'Cyl Liner', '10571H-01100', 0, 2, '2026-03-07 01:40:36', '2026-03-07 01:41:34'),
(66, 'Cyl Liner', '105800-01100', 0, 2, '2026-03-07 01:40:36', '2026-03-07 01:41:34'),
(67, 'Cyl Liner', '105950-01101', 0, 2, '2026-03-07 01:40:36', '2026-03-07 01:41:34'),
(68, 'Cyl Liner', '105200-01100', 0, 2, '2026-03-07 01:40:36', '2026-03-07 01:41:34'),
(69, 'Cyl Liner', '10540H-01100', 0, 2, '2026-03-07 01:40:36', '2026-03-07 01:41:34'),
(70, 'Cyl Liner', '105890-01100', 0, 2, '2026-03-07 01:40:36', '2026-03-07 01:41:34'),
(71, 'Cyl Liner', '105990-01100', 0, 2, '2026-03-07 01:40:36', '2026-03-07 01:41:34'),
(72, 'Exh Manifold', '105900-13030', 0, 2, '2026-03-07 01:40:36', '2026-03-07 01:41:34'),
(73, 'MBH', '10550G-02010', 8, 2, '2026-03-07 01:40:36', '2026-03-07 02:41:36'),
(74, 'MBH', '105710-02010', 0, 2, '2026-03-07 01:40:36', '2026-03-07 01:41:34'),
(75, 'MBH', '10570G-02010', 0, 2, '2026-03-07 01:40:36', '2026-03-07 01:41:34'),
(76, 'MBH', '105900-02010', 0, 2, '2026-03-07 01:40:36', '2026-03-07 01:41:34'),
(77, 'MBH', '105100-02010', 0, 2, '2026-03-07 01:40:36', '2026-03-07 01:41:34'),
(78, 'MBH', '10530H-02010', 0, 2, '2026-03-07 01:40:36', '2026-03-07 01:41:34'),
(79, 'MBH', '106900-02020', 0, 2, '2026-03-07 01:40:36', '2026-03-07 01:41:34'),
(80, 'MBH', '105990-02011', 0, 2, '2026-03-07 01:40:36', '2026-03-07 01:41:34'),
(81, 'Pipe Air Intake', '105900-12031', 0, 2, '2026-03-07 01:40:36', '2026-03-07 01:41:34'),
(82, 'Rocker Arm', '105500-11200', 9, 2, '2026-03-07 01:40:36', '2026-03-07 02:41:38'),
(83, 'Rocker Arm', '105500-11210', 11, 2, '2026-03-07 01:40:36', '2026-03-07 02:41:40'),
(84, 'Rocker Arm', '105700-11200', 0, 2, '2026-03-07 01:40:36', '2026-03-07 01:41:34'),
(85, 'Rocker Arm', '105700-11210', 0, 2, '2026-03-07 01:40:36', '2026-03-07 01:41:34'),
(86, 'Rocker Arm', '105100-11200', 0, 2, '2026-03-07 01:40:36', '2026-03-07 01:41:34'),
(87, 'Rocker Arm', '105100-11210', 0, 2, '2026-03-07 01:40:36', '2026-03-07 01:41:34'),
(88, 'Rocker Arm', '105300-11200', 0, 2, '2026-03-07 01:40:36', '2026-03-07 01:41:34'),
(89, 'Rocker Arm', '105300-11210', 0, 2, '2026-03-07 01:40:36', '2026-03-07 01:41:34'),
(90, 'Rocker Arm', '105990-11200', 0, 2, '2026-03-07 01:40:36', '2026-03-07 01:41:34'),
(91, 'Rocker Arm', '105990-11210', 0, 2, '2026-03-07 01:40:36', '2026-03-07 01:41:34'),
(92, 'Stay Fo Tank', '105900-55240', 0, 2, '2026-03-07 01:40:36', '2026-03-07 01:41:34'),
(93, 'Sup Gov Weight', '105900-61110', 0, 2, '2026-03-07 01:40:36', '2026-03-07 01:41:34'),
(94, 'ASAS', 'ASAS', 1, 1, '2026-03-12 00:15:05', '2026-03-12 00:15:05');

-- --------------------------------------------------------

--
-- Struktur dari tabel `karyawan`
--

CREATE TABLE `karyawan` (
  `nik` varchar(20) NOT NULL,
  `nama` varchar(100) NOT NULL
) ENGINE=InnoDB DEFAULT CHARSET=utf8mb4 COLLATE=utf8mb4_general_ci;

--
-- Dumping data untuk tabel `karyawan`
--

INSERT INTO `karyawan` (`nik`, `nama`) VALUES
('2026001', '2026001'),
('2026003', 'Valen'),
('admin', 'admin'),
('op_1', 'Valen');

-- --------------------------------------------------------

--
-- Struktur dari tabel `models`
--

CREATE TABLE `models` (
  `id` int(11) NOT NULL,
  `model_name` varchar(50) NOT NULL
) ENGINE=InnoDB DEFAULT CHARSET=utf8mb4 COLLATE=utf8mb4_general_ci;

--
-- Dumping data untuk tabel `models`
--

INSERT INTO `models` (`id`, `model_name`) VALUES
(66, 'TF105MH'),
(67, 'TF105ML'),
(69, 'TF105MR'),
(70, 'TF105MR-E2'),
(68, 'TF105N-L'),
(84, 'TF105WL-PRFMTH2'),
(74, 'TF110ML-IS'),
(73, 'TF110N-L'),
(71, 'TF115MH'),
(89, 'TF115MR'),
(72, 'TF115MR-E2'),
(85, 'TF115WL-PRFMTH2'),
(76, 'TF120M-E2IS'),
(80, 'TF120M-E2IV'),
(78, 'TF120M-EISA'),
(75, 'TF120M-IS'),
(77, 'TF120M-ISA'),
(79, 'TF120M-IV'),
(81, 'TF120ML-XA'),
(83, 'TF120NL-PEFMTH2'),
(82, 'TF120NL-PRFMTH2'),
(87, 'TF120V-E2YDN'),
(88, 'TF150NL-PEFM2'),
(86, 'TF150NL-PRFM2'),
(1, 'TF155H'),
(2, 'TF155R'),
(3, 'TF155R-E2'),
(4, 'TF155R-EC'),
(5, 'TF160-E2IS'),
(6, 'TF160-E2IV'),
(7, 'TF160-EISA'),
(9, 'TF160-IS'),
(10, 'TF160-ISA'),
(11, 'TF160-IV'),
(8, 'TF160H2'),
(12, 'TF160R'),
(13, 'TF160R-E2'),
(14, 'TF300H'),
(15, 'TF300H-IV'),
(16, 'TF65-H'),
(17, 'TF65L-YS'),
(18, 'TF65R'),
(19, 'TF65R-E2'),
(20, 'TF70-E2IS'),
(21, 'TF70-EIS'),
(22, 'TF70-EISA'),
(24, 'TF70-IS'),
(25, 'TF70-ISA'),
(26, 'TF70-IV'),
(23, 'TF70H'),
(27, 'TF70L-IS'),
(28, 'TF70L-Y'),
(29, 'TF70V-E2YDN'),
(30, 'TF70V-EJ2YDN'),
(31, 'TF70V-LE2YDN'),
(32, 'TF85MH'),
(33, 'TF85MHS'),
(34, 'TF85MLY'),
(35, 'TF85MLYS'),
(36, 'TF85MR'),
(37, 'TF85MR-E2'),
(38, 'TF85N-L'),
(39, 'TF85WL-SRFMTH2'),
(40, 'TF90M-E2IS'),
(41, 'TF90M-E2ISA'),
(42, 'TF90M-E2IV'),
(43, 'TF90M-IS'),
(44, 'TF90M-ISA'),
(45, 'TF90M-IV'),
(46, 'TF90MLY-IS'),
(47, 'TF90N-L'),
(48, 'TF90V-E2YDN'),
(50, 'TS190-R2'),
(49, 'TS190H'),
(51, 'TS190R2-E'),
(52, 'TS190R2-EIS'),
(53, 'TS190R2-EISA'),
(54, 'TS190R2-EIV'),
(55, 'TS190R2-IS'),
(56, 'TS190R2-ISA'),
(57, 'TS190R2-IV'),
(60, 'TS230-R'),
(58, 'TS230H-E2IV'),
(59, 'TS230H-V'),
(61, 'TS230R-E2'),
(62, 'TS230R-E2IS'),
(63, 'TS230R-E2IV'),
(64, 'TS230R-IS'),
(65, 'TS230R-IV');

-- --------------------------------------------------------

--
-- Struktur dari tabel `model_items`
--

CREATE TABLE `model_items` (
  `id` int(11) NOT NULL,
  `model_id` int(11) NOT NULL,
  `item_id` int(11) NOT NULL,
  `usage_qty` int(11) NOT NULL DEFAULT 1,
  `safety_stock` int(11) NOT NULL DEFAULT 0
) ENGINE=InnoDB DEFAULT CHARSET=utf8mb4 COLLATE=utf8mb4_general_ci;

--
-- Dumping data untuk tabel `model_items`
--

INSERT INTO `model_items` (`id`, `model_id`, `item_id`, `usage_qty`, `safety_stock`) VALUES
(2, 2, 1, 1, 10),
(3, 3, 1, 1, 0),
(4, 4, 1, 1, 0),
(5, 5, 1, 1, 0),
(6, 6, 1, 1, 0),
(7, 7, 1, 1, 0),
(8, 8, 1, 1, 0),
(9, 9, 1, 1, 0),
(10, 10, 1, 1, 0),
(11, 11, 1, 1, 0),
(12, 12, 1, 1, 0),
(13, 13, 1, 1, 0),
(14, 14, 2, 1, 0),
(15, 15, 2, 1, 0),
(16, 16, 3, 1, 0),
(17, 17, 3, 1, 0),
(18, 18, 3, 1, 0),
(19, 19, 4, 1, 0),
(20, 20, 3, 1, 0),
(21, 21, 3, 1, 0),
(22, 22, 3, 1, 0),
(23, 23, 3, 1, 0),
(24, 24, 3, 1, 0),
(25, 25, 3, 1, 0),
(26, 26, 3, 1, 0),
(27, 27, 3, 1, 0),
(28, 28, 4, 1, 0),
(29, 29, 4, 1, 0),
(30, 30, 4, 1, 0),
(31, 31, 4, 1, 0),
(32, 32, 5, 1, 0),
(33, 33, 5, 1, 0),
(34, 34, 5, 1, 0),
(35, 35, 5, 1, 0),
(36, 36, 5, 1, 0),
(37, 37, 5, 1, 0),
(38, 38, 5, 1, 0),
(39, 39, 5, 1, 0),
(40, 40, 5, 1, 0),
(41, 41, 5, 1, 0),
(42, 42, 5, 1, 0),
(43, 43, 5, 1, 0),
(44, 44, 5, 1, 0),
(45, 45, 5, 1, 0),
(46, 46, 5, 1, 0),
(47, 47, 5, 1, 0),
(48, 48, 5, 1, 0),
(49, 49, 6, 1, 0),
(50, 50, 6, 1, 0),
(51, 51, 6, 1, 0),
(52, 52, 6, 1, 0),
(53, 53, 6, 1, 0),
(54, 54, 6, 1, 0),
(55, 55, 6, 1, 0),
(56, 56, 6, 1, 0),
(57, 57, 6, 1, 0),
(58, 58, 7, 1, 0),
(59, 59, 7, 1, 0),
(60, 60, 7, 1, 20),
(61, 61, 7, 1, 0),
(62, 62, 7, 1, 0),
(63, 63, 7, 1, 0),
(64, 64, 7, 1, 0),
(65, 65, 7, 1, 0),
(66, 16, 8, 1, 0),
(67, 17, 8, 1, 0),
(68, 18, 8, 1, 0),
(69, 19, 8, 1, 0),
(70, 28, 8, 1, 0),
(71, 32, 9, 1, 0),
(72, 33, 9, 1, 0),
(73, 34, 9, 1, 0),
(74, 35, 9, 1, 0),
(75, 38, 9, 1, 0),
(76, 36, 9, 1, 0),
(77, 37, 9, 1, 0),
(78, 66, 10, 1, 10),
(79, 67, 10, 1, 0),
(80, 68, 10, 1, 0),
(81, 69, 10, 1, 0),
(82, 70, 10, 1, 0),
(83, 71, 10, 1, 0),
(84, 72, 10, 1, 0),
(85, 1, 10, 1, 0),
(86, 2, 10, 1, 10),
(87, 3, 10, 1, 0),
(88, 4, 10, 1, 0),
(89, 50, 10, 1, 0),
(90, 49, 10, 1, 0),
(91, 51, 10, 1, 0),
(92, 60, 10, 1, 20),
(93, 59, 10, 1, 0),
(94, 61, 10, 1, 0),
(95, 14, 10, 1, 0),
(96, 20, 10, 1, 0),
(97, 25, 10, 1, 0),
(98, 22, 10, 1, 0),
(99, 23, 10, 1, 0),
(100, 26, 10, 1, 0),
(101, 21, 10, 1, 0),
(102, 27, 10, 1, 0),
(103, 43, 10, 1, 0),
(104, 40, 10, 1, 0),
(105, 44, 10, 1, 0),
(106, 41, 10, 1, 0),
(107, 45, 10, 1, 0),
(108, 42, 10, 1, 0),
(109, 46, 10, 1, 0),
(110, 47, 10, 1, 0),
(111, 73, 10, 1, 0),
(112, 74, 10, 1, 0),
(113, 75, 10, 1, 0),
(114, 76, 10, 1, 0),
(115, 77, 10, 1, 0),
(116, 78, 10, 1, 0),
(117, 79, 10, 1, 0),
(118, 80, 10, 1, 0),
(119, 81, 10, 1, 0),
(120, 82, 10, 1, 0),
(121, 83, 10, 1, 0),
(122, 9, 11, 1, 0),
(123, 5, 11, 1, 0),
(124, 10, 11, 1, 0),
(125, 7, 11, 1, 0),
(126, 11, 11, 1, 0),
(127, 6, 11, 1, 0),
(128, 13, 11, 1, 0),
(129, 12, 11, 1, 0),
(130, 8, 11, 1, 0),
(131, 55, 12, 1, 0),
(132, 52, 12, 1, 0),
(133, 56, 12, 1, 0),
(134, 53, 12, 1, 0),
(135, 57, 12, 1, 0),
(136, 54, 12, 1, 0),
(137, 64, 13, 1, 0),
(138, 62, 13, 1, 0),
(139, 65, 13, 1, 0),
(140, 63, 13, 1, 0),
(141, 58, 13, 1, 0),
(142, 15, 14, 1, 0),
(143, 24, 8, 1, 0),
(144, 66, 15, 1, 10),
(145, 67, 15, 1, 0),
(146, 69, 15, 1, 0),
(147, 68, 15, 1, 0),
(148, 84, 15, 1, 0),
(149, 74, 15, 1, 0),
(150, 73, 15, 1, 0),
(151, 71, 15, 1, 0),
(152, 85, 15, 1, 0),
(153, 75, 15, 1, 0),
(154, 77, 15, 1, 0),
(155, 79, 15, 1, 0),
(156, 81, 15, 1, 0),
(157, 86, 15, 1, 0),
(158, 70, 16, 1, 0),
(159, 72, 16, 1, 0),
(160, 76, 16, 1, 0),
(161, 80, 16, 1, 0),
(162, 78, 16, 1, 0),
(163, 83, 16, 1, 0),
(164, 82, 15, 1, 0),
(165, 87, 16, 1, 0),
(166, 88, 16, 1, 0),
(167, 1, 17, 1, 0),
(168, 2, 17, 1, 10),
(169, 3, 18, 1, 0),
(170, 4, 18, 1, 0),
(171, 5, 18, 1, 0),
(172, 6, 18, 1, 0),
(173, 7, 18, 1, 0),
(174, 8, 17, 1, 0),
(175, 9, 17, 1, 0),
(176, 10, 17, 1, 0),
(177, 11, 17, 1, 0),
(178, 12, 17, 1, 0),
(179, 13, 18, 1, 0),
(180, 14, 19, 1, 0),
(181, 15, 19, 1, 0),
(182, 16, 20, 1, 0),
(183, 17, 20, 1, 0),
(184, 18, 20, 1, 0),
(185, 19, 21, 1, 0),
(186, 20, 21, 1, 0),
(187, 21, 21, 1, 0),
(188, 22, 21, 1, 0),
(189, 23, 20, 1, 0),
(190, 24, 20, 1, 0),
(191, 25, 20, 1, 0),
(192, 26, 20, 1, 0),
(193, 27, 20, 1, 0),
(194, 28, 20, 1, 0),
(195, 29, 21, 1, 0),
(196, 30, 21, 1, 0),
(197, 31, 21, 1, 0),
(198, 32, 22, 1, 0),
(199, 33, 22, 1, 0),
(200, 34, 22, 1, 0),
(201, 35, 22, 1, 0),
(202, 36, 22, 1, 0),
(203, 37, 23, 1, 0),
(204, 38, 22, 1, 0),
(205, 39, 22, 1, 0),
(206, 40, 23, 1, 0),
(207, 41, 23, 1, 0),
(208, 42, 23, 1, 0),
(209, 43, 22, 1, 0),
(210, 44, 22, 1, 0),
(211, 45, 22, 1, 0),
(212, 46, 22, 1, 0),
(213, 47, 22, 1, 0),
(214, 48, 23, 1, 0),
(215, 49, 24, 1, 0),
(216, 50, 24, 1, 0),
(217, 51, 25, 1, 0),
(218, 52, 25, 1, 0),
(219, 53, 25, 1, 0),
(220, 54, 25, 1, 0),
(221, 55, 24, 1, 0),
(222, 56, 24, 1, 0),
(223, 57, 24, 1, 0),
(224, 58, 26, 1, 0),
(225, 59, 27, 1, 0),
(226, 60, 27, 1, 20),
(227, 61, 26, 1, 0),
(228, 62, 26, 1, 0),
(229, 63, 26, 1, 0),
(230, 64, 27, 1, 0),
(231, 65, 27, 1, 0),
(232, 16, 28, 1, 0),
(233, 17, 28, 1, 0),
(234, 18, 28, 1, 0),
(235, 19, 28, 1, 0),
(236, 28, 28, 1, 0),
(237, 32, 28, 1, 0),
(238, 33, 28, 1, 0),
(239, 34, 28, 1, 0),
(240, 35, 28, 1, 0),
(241, 38, 28, 1, 0),
(242, 36, 28, 1, 0),
(243, 37, 28, 1, 0),
(244, 66, 28, 1, 10),
(245, 67, 28, 1, 0),
(246, 68, 28, 1, 0),
(247, 69, 28, 1, 0),
(248, 70, 28, 1, 0),
(249, 71, 28, 1, 0),
(250, 72, 28, 1, 0),
(251, 1, 29, 1, 0),
(252, 2, 29, 1, 10),
(253, 3, 29, 1, 0),
(254, 4, 29, 1, 0),
(255, 50, 29, 1, 0),
(256, 49, 29, 1, 0),
(257, 51, 29, 1, 0),
(258, 60, 29, 1, 20),
(259, 59, 29, 1, 0),
(260, 61, 29, 1, 0),
(261, 14, 29, 1, 0),
(262, 24, 28, 1, 0),
(263, 20, 28, 1, 0),
(264, 25, 28, 1, 0),
(265, 22, 28, 1, 0),
(266, 23, 28, 1, 0),
(267, 26, 28, 1, 0),
(268, 21, 28, 1, 0),
(269, 27, 28, 1, 0),
(270, 29, 28, 1, 0),
(271, 30, 28, 1, 0),
(272, 31, 28, 1, 0),
(273, 48, 28, 1, 0),
(274, 39, 28, 1, 0),
(275, 43, 28, 1, 0),
(276, 40, 28, 1, 0),
(277, 44, 28, 1, 0),
(278, 41, 28, 1, 0),
(279, 45, 28, 1, 0),
(280, 42, 28, 1, 0),
(281, 46, 28, 1, 0),
(282, 47, 28, 1, 0),
(283, 73, 28, 1, 0),
(284, 74, 28, 1, 0),
(285, 84, 28, 1, 0),
(286, 85, 28, 1, 0),
(287, 87, 28, 1, 0),
(288, 75, 28, 1, 0),
(289, 76, 28, 1, 0),
(290, 77, 28, 1, 0),
(291, 78, 28, 1, 0),
(292, 79, 28, 1, 0),
(293, 80, 28, 1, 0),
(294, 81, 28, 1, 0),
(295, 82, 28, 1, 0),
(296, 86, 28, 1, 0),
(297, 83, 28, 1, 0),
(298, 88, 28, 1, 0),
(299, 9, 29, 1, 0),
(300, 5, 29, 1, 0),
(301, 10, 29, 1, 0),
(302, 7, 29, 1, 0),
(303, 11, 29, 1, 0),
(304, 6, 29, 1, 0),
(305, 13, 29, 1, 0),
(306, 12, 29, 1, 0),
(307, 8, 29, 1, 0),
(308, 55, 29, 1, 0),
(309, 52, 29, 1, 0),
(310, 56, 29, 1, 0),
(311, 53, 29, 1, 0),
(312, 57, 29, 1, 0),
(313, 54, 29, 1, 0),
(314, 64, 29, 1, 0),
(315, 62, 29, 1, 0),
(316, 65, 29, 1, 0),
(317, 63, 29, 1, 0),
(318, 58, 29, 1, 0),
(319, 15, 30, 1, 0),
(320, 66, 31, 1, 10),
(321, 67, 31, 1, 0),
(322, 69, 31, 1, 0),
(323, 70, 31, 1, 0),
(324, 68, 32, 1, 0),
(325, 84, 31, 1, 0),
(326, 74, 31, 1, 0),
(327, 73, 32, 1, 0),
(328, 71, 31, 1, 0),
(329, 72, 31, 1, 0),
(330, 85, 31, 1, 0),
(331, 76, 31, 1, 0),
(332, 80, 31, 1, 0),
(333, 78, 31, 1, 0),
(334, 75, 31, 1, 0),
(335, 77, 31, 1, 0),
(336, 79, 31, 1, 0),
(337, 81, 31, 1, 0),
(338, 83, 32, 1, 0),
(339, 82, 32, 1, 0),
(340, 87, 31, 1, 0),
(341, 88, 32, 1, 0),
(342, 86, 32, 1, 0),
(343, 1, 33, 1, 0),
(344, 2, 33, 1, 10),
(345, 3, 33, 1, 0),
(346, 4, 33, 1, 0),
(347, 5, 33, 1, 0),
(348, 6, 33, 1, 0),
(349, 7, 33, 1, 0),
(350, 8, 34, 1, 0),
(351, 9, 33, 1, 0),
(352, 10, 33, 1, 0),
(353, 11, 33, 1, 0),
(354, 12, 34, 1, 0),
(355, 13, 34, 1, 0),
(356, 14, 35, 1, 0),
(357, 15, 35, 1, 0),
(358, 16, 36, 1, 0),
(359, 17, 37, 1, 0),
(360, 18, 36, 1, 0),
(361, 19, 36, 1, 0),
(362, 20, 36, 1, 0),
(363, 21, 36, 1, 0),
(364, 22, 36, 1, 0),
(365, 23, 36, 1, 0),
(366, 24, 36, 1, 0),
(367, 25, 36, 1, 0),
(368, 26, 36, 1, 0),
(369, 27, 36, 1, 0),
(370, 28, 37, 1, 0),
(371, 29, 36, 1, 0),
(372, 30, 36, 1, 0),
(373, 31, 36, 1, 0),
(374, 32, 38, 1, 0),
(375, 33, 38, 1, 0),
(376, 34, 39, 1, 0),
(377, 35, 39, 1, 0),
(378, 36, 38, 1, 0),
(379, 37, 38, 1, 0),
(380, 38, 39, 1, 0),
(381, 39, 38, 1, 0),
(382, 40, 38, 1, 0),
(383, 41, 38, 1, 0),
(384, 42, 38, 1, 0),
(385, 43, 38, 1, 0),
(386, 44, 38, 1, 0),
(387, 45, 38, 1, 0),
(388, 46, 39, 1, 0),
(389, 47, 39, 1, 0),
(390, 48, 38, 1, 0),
(391, 49, 40, 1, 0),
(392, 50, 40, 1, 0),
(393, 51, 40, 1, 0),
(394, 52, 40, 1, 0),
(395, 53, 40, 1, 0),
(396, 54, 40, 1, 0),
(397, 55, 40, 1, 0),
(398, 56, 40, 1, 0),
(399, 57, 40, 1, 0),
(400, 58, 41, 1, 0),
(401, 59, 41, 1, 0),
(402, 60, 41, 1, 20),
(403, 61, 41, 1, 0),
(404, 62, 41, 1, 0),
(405, 63, 41, 1, 0),
(406, 64, 41, 1, 0),
(407, 65, 41, 1, 0),
(426, 66, 42, 1, 10),
(427, 67, 42, 1, 0),
(428, 69, 42, 1, 0),
(429, 70, 42, 1, 0),
(430, 68, 42, 1, 0),
(431, 84, 42, 1, 0),
(432, 74, 42, 1, 0),
(433, 73, 42, 1, 0),
(434, 71, 42, 1, 0),
(435, 89, 42, 1, 0),
(436, 72, 42, 1, 0),
(437, 85, 42, 1, 0),
(438, 76, 42, 1, 0),
(439, 80, 42, 1, 0),
(440, 78, 42, 1, 0),
(441, 75, 42, 1, 0),
(442, 77, 42, 1, 0),
(443, 79, 42, 1, 0),
(444, 81, 42, 1, 0),
(445, 83, 42, 1, 0),
(446, 82, 42, 1, 0),
(447, 87, 42, 1, 0),
(448, 88, 43, 1, 0),
(449, 86, 43, 1, 0),
(450, 1, 44, 1, 0),
(451, 2, 44, 1, 10),
(452, 3, 44, 1, 0),
(453, 4, 44, 1, 0),
(454, 5, 44, 1, 0),
(455, 6, 44, 1, 0),
(456, 7, 44, 1, 0),
(457, 8, 44, 1, 0),
(458, 9, 44, 1, 0),
(459, 10, 44, 1, 0),
(460, 11, 44, 1, 0),
(461, 12, 44, 1, 0),
(462, 13, 44, 1, 0),
(463, 28, 45, 1, 0),
(464, 29, 45, 1, 0),
(465, 30, 45, 1, 0),
(466, 31, 45, 1, 0),
(467, 32, 46, 1, 0),
(468, 33, 46, 1, 0),
(469, 34, 46, 1, 0),
(470, 36, 46, 1, 0),
(471, 37, 46, 1, 0),
(472, 38, 46, 1, 0),
(473, 39, 46, 1, 0),
(474, 40, 46, 1, 0),
(475, 41, 46, 1, 0),
(476, 42, 46, 1, 0),
(477, 43, 46, 1, 0),
(478, 44, 46, 1, 0),
(479, 45, 46, 1, 0),
(480, 46, 46, 1, 0),
(481, 47, 46, 1, 0),
(482, 48, 46, 1, 0),
(483, 49, 47, 1, 0),
(484, 50, 47, 1, 0),
(485, 51, 47, 1, 0),
(486, 52, 47, 1, 0),
(487, 53, 47, 1, 0),
(488, 54, 47, 1, 0),
(489, 55, 47, 1, 0),
(490, 56, 47, 1, 0),
(491, 57, 47, 1, 0),
(492, 58, 48, 1, 0),
(493, 59, 48, 1, 0),
(494, 60, 48, 1, 20),
(495, 61, 48, 1, 0),
(496, 62, 48, 1, 0),
(497, 63, 48, 1, 0),
(498, 64, 48, 1, 0),
(499, 65, 48, 1, 0),
(500, 66, 49, 1, 10),
(501, 67, 49, 1, 0),
(502, 69, 49, 1, 0),
(503, 70, 49, 1, 0),
(504, 68, 49, 1, 0),
(505, 84, 49, 1, 0),
(506, 74, 49, 1, 0),
(507, 73, 49, 1, 0),
(508, 71, 49, 1, 0),
(509, 89, 49, 1, 0),
(510, 72, 49, 1, 0),
(511, 85, 49, 1, 0),
(512, 76, 49, 1, 0),
(513, 80, 49, 1, 0),
(514, 78, 49, 1, 0),
(515, 75, 49, 1, 0),
(516, 77, 49, 1, 0),
(517, 79, 49, 1, 0),
(518, 81, 49, 1, 0),
(519, 83, 49, 1, 0),
(520, 82, 49, 1, 0),
(521, 87, 49, 1, 0),
(522, 88, 49, 1, 0),
(523, 86, 49, 1, 0),
(524, 1, 50, 1, 0),
(525, 2, 50, 1, 10),
(526, 3, 50, 1, 0),
(527, 4, 50, 1, 0),
(528, 5, 50, 1, 0),
(529, 6, 50, 1, 0),
(530, 7, 50, 1, 0),
(531, 8, 50, 1, 0),
(532, 9, 50, 1, 0),
(533, 10, 50, 1, 0),
(534, 11, 50, 1, 0),
(535, 12, 50, 1, 0),
(536, 13, 50, 1, 0),
(537, 16, 51, 1, 0),
(538, 17, 51, 1, 0),
(539, 18, 51, 1, 0),
(540, 19, 51, 1, 0),
(541, 20, 51, 1, 0),
(542, 21, 51, 1, 0),
(543, 22, 51, 1, 0),
(544, 23, 51, 1, 0),
(545, 24, 51, 1, 0),
(546, 25, 51, 1, 0),
(547, 26, 51, 1, 0),
(548, 27, 51, 1, 0),
(549, 28, 52, 1, 0),
(550, 29, 52, 1, 0),
(551, 30, 52, 1, 0),
(552, 31, 52, 1, 0),
(553, 32, 53, 1, 0),
(554, 33, 53, 1, 0),
(555, 34, 53, 1, 0),
(556, 35, 54, 1, 0),
(557, 36, 53, 1, 0),
(558, 37, 53, 1, 0),
(559, 38, 53, 1, 0),
(560, 39, 53, 1, 0),
(561, 40, 53, 1, 0),
(562, 41, 53, 1, 0),
(563, 42, 53, 1, 0),
(564, 43, 53, 1, 0),
(565, 44, 53, 1, 0),
(566, 45, 53, 1, 0),
(567, 46, 53, 1, 0),
(568, 47, 53, 1, 0),
(569, 48, 53, 1, 0),
(570, 49, 55, 1, 0),
(571, 50, 55, 1, 0),
(572, 51, 55, 1, 0),
(573, 52, 55, 1, 0),
(574, 53, 55, 1, 0),
(575, 54, 55, 1, 0),
(576, 55, 55, 1, 0),
(577, 56, 55, 1, 0),
(578, 57, 55, 1, 0),
(579, 58, 56, 1, 0),
(580, 59, 57, 1, 0),
(581, 60, 57, 1, 20),
(582, 61, 56, 1, 0),
(583, 62, 56, 1, 0),
(584, 63, 56, 1, 0),
(585, 64, 56, 1, 0),
(586, 65, 56, 1, 0),
(587, 66, 58, 1, 10),
(588, 67, 58, 1, 0),
(589, 69, 58, 1, 0),
(590, 70, 58, 1, 0),
(591, 68, 58, 1, 0),
(592, 84, 58, 1, 0),
(593, 74, 58, 1, 0),
(594, 73, 58, 1, 0),
(595, 71, 58, 1, 0),
(596, 89, 58, 1, 0),
(597, 72, 58, 1, 0),
(598, 85, 58, 1, 0),
(599, 76, 58, 1, 0),
(600, 80, 58, 1, 0),
(601, 78, 58, 1, 0),
(602, 75, 58, 1, 0),
(603, 77, 58, 1, 0),
(604, 79, 58, 1, 0),
(605, 81, 58, 1, 0),
(606, 83, 58, 1, 0),
(607, 82, 58, 1, 0),
(608, 87, 58, 1, 0),
(609, 88, 59, 1, 0),
(610, 86, 59, 1, 0),
(611, 1, 60, 1, 0),
(612, 2, 60, 1, 10),
(613, 3, 60, 1, 0),
(614, 4, 60, 1, 0),
(615, 5, 60, 1, 0),
(616, 6, 60, 1, 0),
(617, 7, 60, 1, 0),
(618, 8, 60, 1, 0),
(619, 9, 60, 1, 0),
(620, 10, 60, 1, 0),
(621, 11, 60, 1, 0),
(622, 12, 60, 1, 0),
(623, 13, 60, 1, 0),
(624, 16, 61, 1, 0),
(625, 17, 61, 1, 0),
(626, 18, 61, 1, 0),
(627, 19, 61, 1, 0),
(628, 20, 61, 1, 0),
(629, 21, 61, 1, 0),
(630, 22, 61, 1, 0),
(631, 23, 61, 1, 0),
(632, 24, 61, 1, 0),
(633, 25, 61, 1, 0),
(634, 26, 61, 1, 0),
(635, 27, 61, 1, 0),
(636, 28, 61, 1, 0),
(637, 29, 61, 1, 0),
(638, 30, 61, 1, 0),
(639, 31, 61, 1, 0),
(640, 32, 62, 1, 0),
(641, 33, 62, 1, 0),
(642, 34, 62, 1, 0),
(643, 35, 62, 1, 0),
(644, 36, 62, 1, 0),
(645, 37, 62, 1, 0),
(646, 38, 62, 1, 0),
(647, 39, 62, 1, 0),
(648, 40, 62, 1, 0),
(649, 41, 62, 1, 0),
(650, 42, 62, 1, 0),
(651, 43, 62, 1, 0),
(652, 44, 62, 1, 0),
(653, 45, 62, 1, 0),
(654, 46, 62, 1, 0),
(655, 47, 62, 1, 0),
(656, 48, 62, 1, 0),
(657, 66, 63, 1, 10),
(658, 67, 63, 1, 0),
(659, 69, 63, 1, 0),
(660, 70, 63, 1, 0),
(661, 68, 63, 1, 0),
(662, 84, 63, 1, 0),
(663, 74, 63, 1, 0),
(664, 73, 63, 1, 0),
(665, 71, 64, 1, 0),
(666, 89, 64, 1, 0),
(667, 72, 64, 1, 0),
(668, 85, 64, 1, 0),
(669, 76, 64, 1, 0),
(670, 80, 64, 1, 0),
(671, 78, 64, 1, 0),
(672, 75, 64, 1, 0),
(673, 77, 64, 1, 0),
(674, 79, 64, 1, 0),
(675, 81, 64, 1, 0),
(676, 83, 64, 1, 0),
(677, 82, 64, 1, 0),
(678, 87, 64, 1, 0),
(679, 88, 65, 1, 0),
(680, 86, 65, 1, 0),
(681, 1, 66, 1, 0),
(682, 2, 66, 1, 10),
(683, 3, 66, 1, 0),
(684, 4, 66, 1, 0),
(685, 5, 66, 1, 0),
(686, 6, 66, 1, 0),
(687, 7, 66, 1, 0),
(688, 8, 66, 1, 0),
(689, 9, 66, 1, 0),
(690, 10, 66, 1, 0),
(691, 11, 66, 1, 0),
(692, 12, 66, 1, 0),
(693, 13, 66, 1, 0),
(694, 14, 67, 1, 0),
(695, 15, 67, 1, 0),
(696, 16, 68, 1, 0),
(697, 17, 68, 1, 0),
(698, 18, 68, 1, 0),
(699, 19, 68, 1, 0),
(700, 20, 68, 1, 0),
(701, 21, 68, 1, 0),
(702, 22, 68, 1, 0),
(703, 23, 68, 1, 0),
(704, 24, 68, 1, 0),
(705, 25, 68, 1, 0),
(706, 26, 68, 1, 0),
(707, 27, 68, 1, 0),
(708, 28, 68, 1, 0),
(709, 29, 68, 1, 0),
(710, 30, 68, 1, 0),
(711, 31, 68, 1, 0),
(712, 32, 69, 1, 0),
(713, 33, 69, 1, 0),
(714, 34, 69, 1, 0),
(715, 35, 69, 1, 0),
(716, 36, 69, 1, 0),
(717, 37, 69, 1, 0),
(718, 38, 69, 1, 0),
(719, 39, 69, 1, 0),
(720, 40, 69, 1, 0),
(721, 41, 69, 1, 0),
(722, 42, 69, 1, 0),
(723, 43, 69, 1, 0),
(724, 44, 69, 1, 0),
(725, 45, 69, 1, 0),
(726, 46, 69, 1, 0),
(727, 47, 69, 1, 0),
(728, 48, 69, 1, 0),
(729, 49, 70, 1, 0),
(730, 50, 70, 1, 0),
(731, 51, 70, 1, 0),
(732, 52, 70, 1, 0),
(733, 53, 70, 1, 0),
(734, 54, 70, 1, 0),
(735, 55, 70, 1, 0),
(736, 56, 70, 1, 0),
(737, 57, 70, 1, 0),
(738, 58, 71, 1, 0),
(739, 59, 71, 1, 0),
(740, 60, 71, 1, 20),
(741, 61, 71, 1, 0),
(742, 62, 71, 1, 0),
(743, 63, 71, 1, 0),
(744, 64, 71, 1, 0),
(745, 65, 71, 1, 0),
(746, 14, 72, 1, 0),
(747, 15, 72, 1, 0),
(748, 66, 73, 1, 10),
(749, 67, 73, 1, 0),
(750, 69, 73, 1, 0),
(751, 70, 73, 1, 0),
(752, 68, 73, 1, 0),
(753, 84, 73, 1, 0),
(754, 74, 73, 1, 0),
(755, 73, 73, 1, 0),
(756, 71, 73, 1, 0),
(757, 89, 73, 1, 0),
(758, 72, 73, 1, 0),
(759, 85, 73, 1, 0),
(760, 76, 73, 1, 0),
(761, 80, 73, 1, 0),
(762, 78, 73, 1, 0),
(763, 75, 73, 1, 0),
(764, 77, 73, 1, 0),
(765, 79, 73, 1, 0),
(766, 81, 73, 1, 0),
(767, 83, 73, 1, 0),
(768, 82, 73, 1, 0),
(769, 87, 73, 1, 0),
(770, 88, 74, 1, 0),
(771, 86, 74, 1, 0),
(772, 1, 75, 1, 0),
(773, 2, 75, 1, 10),
(774, 3, 75, 1, 0),
(775, 4, 75, 1, 0),
(776, 5, 75, 1, 0),
(777, 6, 75, 1, 0),
(778, 7, 75, 1, 0),
(779, 8, 75, 1, 0),
(780, 9, 75, 1, 0),
(781, 10, 75, 1, 0),
(782, 11, 75, 1, 0),
(783, 12, 75, 1, 0),
(784, 13, 75, 1, 0),
(785, 14, 76, 1, 0),
(786, 15, 76, 1, 0),
(787, 16, 77, 1, 0),
(788, 17, 77, 1, 0),
(789, 18, 77, 1, 0),
(790, 19, 77, 1, 0),
(791, 20, 77, 1, 0),
(792, 21, 77, 1, 0),
(793, 22, 77, 1, 0),
(794, 23, 77, 1, 0),
(795, 24, 77, 1, 0),
(796, 25, 77, 1, 0),
(797, 26, 77, 1, 0),
(798, 27, 77, 1, 0),
(799, 28, 77, 1, 0),
(800, 29, 77, 1, 0),
(801, 30, 77, 1, 0),
(802, 31, 77, 1, 0),
(803, 32, 78, 1, 0),
(804, 33, 78, 1, 0),
(805, 34, 78, 1, 0),
(806, 35, 78, 1, 0),
(807, 36, 78, 1, 0),
(808, 37, 78, 1, 0),
(809, 38, 78, 1, 0),
(810, 39, 78, 1, 0),
(811, 40, 78, 1, 0),
(812, 41, 78, 1, 0),
(813, 42, 78, 1, 0),
(814, 43, 78, 1, 0),
(815, 44, 78, 1, 0),
(816, 45, 78, 1, 0),
(817, 46, 78, 1, 0),
(818, 47, 78, 1, 0),
(819, 48, 78, 1, 0),
(820, 49, 79, 1, 0),
(821, 50, 79, 1, 0),
(822, 51, 79, 1, 0),
(823, 52, 79, 1, 0),
(824, 53, 79, 1, 0),
(825, 54, 79, 1, 0),
(826, 55, 79, 1, 0),
(827, 56, 79, 1, 0),
(828, 57, 79, 1, 0),
(829, 58, 80, 1, 0),
(830, 59, 80, 1, 0),
(831, 60, 80, 1, 20),
(832, 61, 80, 1, 0),
(833, 62, 80, 1, 0),
(834, 63, 80, 1, 0),
(835, 64, 80, 1, 0),
(836, 65, 80, 1, 0),
(837, 14, 81, 1, 0),
(838, 15, 81, 1, 0),
(839, 66, 82, 1, 10),
(840, 66, 83, 1, 10),
(841, 67, 82, 1, 0),
(842, 67, 83, 1, 0),
(843, 69, 82, 1, 0),
(844, 69, 83, 1, 0),
(845, 70, 82, 1, 0),
(846, 70, 83, 1, 0),
(847, 68, 82, 1, 0),
(848, 68, 83, 1, 0),
(849, 84, 82, 1, 0),
(850, 84, 83, 1, 0),
(851, 74, 82, 1, 0),
(852, 74, 83, 1, 0),
(853, 73, 82, 1, 0),
(854, 73, 83, 1, 0),
(855, 71, 82, 1, 0),
(856, 71, 83, 1, 0),
(857, 89, 82, 1, 0),
(858, 89, 83, 1, 0),
(859, 72, 82, 1, 0),
(860, 72, 83, 1, 0),
(861, 85, 82, 1, 0),
(862, 85, 83, 1, 0),
(863, 76, 82, 1, 0),
(864, 76, 83, 1, 0),
(865, 80, 82, 1, 0),
(866, 80, 83, 1, 0),
(867, 78, 82, 1, 0),
(868, 78, 83, 1, 0),
(869, 75, 82, 1, 0),
(870, 75, 83, 1, 0),
(871, 77, 82, 1, 0),
(872, 77, 83, 1, 0),
(873, 79, 82, 1, 0),
(874, 79, 83, 1, 0),
(875, 81, 82, 1, 0),
(876, 81, 83, 1, 0),
(877, 83, 82, 1, 0),
(878, 83, 83, 1, 0),
(879, 82, 82, 1, 0),
(880, 82, 83, 1, 0),
(881, 87, 82, 1, 0),
(882, 87, 83, 1, 0),
(883, 88, 82, 1, 0),
(884, 88, 83, 1, 0),
(885, 86, 82, 1, 0),
(886, 86, 83, 1, 0),
(887, 1, 84, 1, 0),
(888, 1, 85, 1, 0),
(889, 2, 84, 1, 10),
(890, 2, 85, 1, 10),
(891, 3, 84, 1, 0),
(892, 3, 85, 1, 0),
(893, 4, 84, 1, 0),
(894, 4, 85, 1, 0),
(895, 5, 84, 1, 0),
(896, 5, 85, 1, 0),
(897, 6, 84, 1, 0),
(898, 6, 85, 1, 0),
(899, 7, 84, 1, 0),
(900, 7, 85, 1, 0),
(901, 8, 84, 1, 0),
(902, 8, 85, 1, 0),
(903, 9, 84, 1, 0),
(904, 9, 85, 1, 0),
(905, 10, 84, 1, 0),
(906, 10, 85, 1, 0),
(907, 11, 84, 1, 0),
(908, 11, 85, 1, 0),
(909, 12, 84, 1, 0),
(910, 12, 85, 1, 0),
(911, 13, 84, 1, 0),
(912, 13, 85, 1, 0),
(913, 16, 86, 1, 0),
(914, 16, 87, 1, 0),
(915, 17, 86, 1, 0),
(916, 17, 87, 1, 0),
(917, 18, 86, 1, 0),
(918, 18, 87, 1, 0),
(919, 19, 86, 1, 0),
(920, 19, 87, 1, 0),
(921, 20, 86, 1, 0),
(922, 20, 87, 1, 0),
(923, 21, 86, 1, 0),
(924, 21, 87, 1, 0),
(925, 22, 86, 1, 0),
(926, 22, 87, 1, 0),
(927, 23, 86, 1, 0),
(928, 23, 87, 1, 0),
(929, 24, 86, 1, 0),
(930, 24, 87, 1, 0),
(931, 25, 86, 1, 0),
(932, 25, 87, 1, 0),
(933, 26, 86, 1, 0),
(934, 26, 87, 1, 0),
(935, 27, 86, 1, 0),
(936, 27, 87, 1, 0),
(937, 28, 86, 1, 0),
(938, 28, 87, 1, 0),
(939, 29, 86, 1, 0),
(940, 29, 87, 1, 0),
(941, 30, 86, 1, 0),
(942, 30, 87, 1, 0),
(943, 31, 86, 1, 0),
(944, 31, 87, 1, 0),
(945, 32, 88, 1, 0),
(946, 32, 89, 1, 0),
(947, 33, 88, 1, 0),
(948, 33, 89, 1, 0),
(949, 34, 88, 1, 0),
(950, 34, 89, 1, 0),
(951, 35, 88, 1, 0),
(952, 35, 89, 1, 0),
(953, 36, 88, 1, 0),
(954, 36, 89, 1, 0),
(955, 37, 88, 1, 0),
(956, 37, 89, 1, 0),
(957, 38, 88, 1, 0),
(958, 38, 89, 1, 0),
(959, 39, 88, 1, 0),
(960, 39, 89, 1, 0),
(961, 40, 88, 1, 0),
(962, 40, 89, 1, 0),
(963, 41, 88, 1, 0),
(964, 41, 89, 1, 0),
(965, 42, 88, 1, 0),
(966, 42, 89, 1, 0),
(967, 43, 88, 1, 0),
(968, 43, 89, 1, 0),
(969, 44, 88, 1, 0),
(970, 44, 89, 1, 0),
(971, 45, 88, 1, 0),
(972, 45, 89, 1, 0),
(973, 46, 88, 1, 0),
(974, 46, 89, 1, 0),
(975, 47, 88, 1, 0),
(976, 47, 89, 1, 0),
(977, 48, 88, 1, 0),
(978, 48, 89, 1, 0),
(979, 49, 90, 1, 0),
(980, 49, 91, 1, 0),
(981, 50, 90, 1, 0),
(982, 50, 91, 1, 0),
(983, 51, 90, 1, 0),
(984, 51, 91, 1, 0),
(985, 52, 90, 1, 0),
(986, 52, 91, 1, 0),
(987, 53, 90, 1, 0),
(988, 53, 91, 1, 0),
(989, 54, 90, 1, 0),
(990, 54, 91, 1, 0),
(991, 55, 90, 1, 0),
(992, 55, 91, 1, 0),
(993, 56, 90, 1, 0),
(994, 56, 91, 1, 0),
(995, 57, 90, 1, 0),
(996, 57, 91, 1, 0),
(997, 58, 90, 1, 0),
(998, 58, 91, 1, 0),
(999, 59, 90, 1, 0),
(1000, 59, 91, 1, 0),
(1001, 60, 90, 1, 20),
(1002, 60, 91, 1, 20),
(1003, 61, 90, 1, 0),
(1004, 61, 91, 1, 0),
(1005, 62, 90, 1, 0),
(1006, 62, 91, 1, 0),
(1007, 63, 90, 1, 0),
(1008, 63, 91, 1, 0),
(1009, 64, 90, 1, 0),
(1010, 64, 91, 1, 0),
(1011, 65, 90, 1, 0),
(1012, 65, 91, 1, 0),
(1013, 14, 92, 1, 0),
(1014, 15, 92, 1, 0),
(1015, 14, 93, 1, 0),
(1016, 15, 93, 1, 0);

-- --------------------------------------------------------

--
-- Struktur dari tabel `model_safety`
--

CREATE TABLE `model_safety` (
  `model_id` int(11) NOT NULL,
  `total_safety_stock` int(11) DEFAULT NULL
) ENGINE=InnoDB DEFAULT CHARSET=utf8mb4 COLLATE=utf8mb4_general_ci;

--
-- Dumping data untuk tabel `model_safety`
--

INSERT INTO `model_safety` (`model_id`, `total_safety_stock`) VALUES
(1, 0),
(2, 0),
(3, 0),
(4, 0),
(5, 0),
(6, 0),
(7, 0),
(8, 0),
(9, 0),
(10, 0),
(11, 0),
(12, 0),
(13, 0),
(14, 0),
(15, 0),
(16, 0),
(17, 0),
(18, 0),
(19, 0),
(20, 0),
(21, 0),
(22, 0),
(23, 0),
(24, 0),
(25, 0),
(26, 0),
(27, 0),
(28, 0),
(29, 0),
(30, 0),
(31, 0),
(32, 0),
(33, 0),
(34, 0),
(35, 0),
(36, 0),
(37, 0),
(38, 0),
(39, 0),
(40, 0),
(41, 0),
(42, 0),
(43, 0),
(44, 0),
(45, 0),
(46, 0),
(47, 0),
(48, 0),
(49, 0),
(50, 0),
(51, 0),
(52, 0),
(53, 0),
(54, 0),
(55, 0),
(56, 0),
(57, 0),
(58, 0),
(59, 0),
(60, 0),
(61, 0),
(62, 0),
(63, 0),
(64, 0),
(65, 0),
(66, 400),
(67, 0),
(68, 0),
(69, 0),
(70, 0),
(71, 0),
(72, 0),
(73, 0),
(74, 0),
(75, 0),
(76, 0),
(77, 0),
(78, 0),
(79, 0),
(80, 0),
(81, 0),
(82, 0),
(83, 0),
(84, 0),
(85, 0),
(86, 0),
(87, 0),
(88, 0);

-- --------------------------------------------------------

--
-- Struktur dari tabel `production_plan`
--

CREATE TABLE `production_plan` (
  `id` int(11) NOT NULL,
  `lokasi_id` int(11) NOT NULL,
  `plan_qty` int(11) NOT NULL,
  `plan_date` date NOT NULL,
  `created_at` timestamp NOT NULL DEFAULT current_timestamp()
) ENGINE=InnoDB DEFAULT CHARSET=utf8mb4 COLLATE=utf8mb4_general_ci;

--
-- Dumping data untuk tabel `production_plan`
--

INSERT INTO `production_plan` (`id`, `lokasi_id`, `plan_qty`, `plan_date`, `created_at`) VALUES
(1, 1, 200, '2026-03-05', '2026-03-05 02:35:34'),
(15, 2, 100, '2026-03-05', '2026-03-05 03:28:01'),
(19, 1, 200, '2026-03-06', '2026-03-06 00:13:12'),
(31, 2, 10000, '2026-03-06', '2026-03-06 02:09:41'),
(35, 1, 1000, '2026-03-07', '2026-03-07 02:10:31'),
(36, 1, 1000, '2026-03-12', '2026-03-12 00:12:49');

-- --------------------------------------------------------

--
-- Struktur dari tabel `stock_logs`
--

CREATE TABLE `stock_logs` (
  `id` int(11) NOT NULL,
  `item_id` int(11) NOT NULL,
  `lokasi_id` int(11) NOT NULL,
  `type` enum('in','out') NOT NULL,
  `qty` int(11) NOT NULL,
  `before_stock` int(11) NOT NULL,
  `after_stock` int(11) NOT NULL,
  `note` varchar(255) DEFAULT NULL,
  `created_at` datetime DEFAULT current_timestamp()
) ENGINE=InnoDB DEFAULT CHARSET=utf8mb4 COLLATE=utf8mb4_general_ci;

--
-- Dumping data untuk tabel `stock_logs`
--

INSERT INTO `stock_logs` (`id`, `item_id`, `lokasi_id`, `type`, `qty`, `before_stock`, `after_stock`, `note`, `created_at`) VALUES
(15, 28, 1, 'in', 10, 0, 10, 'ADMIN MS 1', '2026-03-03 10:33:34'),
(16, 28, 1, 'out', 10, 10, 0, 'ADMIN MS 1', '2026-03-03 10:44:44'),
(17, 28, 1, 'in', 10, 0, 10, 'ADMIN MS 1', '2026-03-03 10:44:58'),
(18, 28, 1, 'in', 10, 10, 20, 'ADMIN MS 1', '2026-03-03 10:45:56'),
(19, 15, 1, 'in', 10, 0, 10, 'ADMIN MS 1', '2026-03-05 08:00:25'),
(20, 1, 1, 'in', 10, 60, 70, 'ADMIN MS 1', '2026-03-05 09:55:49'),
(21, 1, 1, 'out', 65, 70, 5, 'ADMIN MS 1', '2026-03-05 09:55:53'),
(22, 1, 1, 'in', 100, 5, 105, 'ADMIN MS 1', '2026-03-05 09:56:03'),
(23, 1, 1, 'out', 105, 105, 0, 'ADMIN MS 1', '2026-03-05 09:56:11'),
(24, 15, 1, 'out', 10, 10, 0, 'ADMIN MS 1', '2026-03-05 09:56:18'),
(25, 1, 1, 'in', 10, 0, 10, 'ADMIN MS 1', '2026-03-06 08:17:16'),
(27, 28, 1, 'out', 20, 20, 0, 'ADMIN MS 1', '2026-03-07 09:11:42'),
(28, 31, 1, 'out', 40, 40, 0, 'ADMIN MS 1', '2026-03-07 09:11:51'),
(29, 42, 2, 'in', 20, 0, 20, 'ADMIN MS 2', '2026-03-07 09:12:10'),
(30, 42, 2, 'out', 20, 20, 0, 'ADMIN MS 2', '2026-03-07 09:12:18'),
(31, 42, 2, 'in', 10, 0, 10, 'ADMIN MS 2', '2026-03-07 09:41:06'),
(32, 49, 2, 'in', 8, 0, 8, 'ADMIN MS 2', '2026-03-07 09:41:28'),
(33, 58, 2, 'in', 5, 0, 5, 'ADMIN MS 2', '2026-03-07 09:41:31'),
(34, 63, 2, 'in', 3, 0, 3, 'ADMIN MS 2', '2026-03-07 09:41:34'),
(35, 73, 2, 'in', 8, 0, 8, 'ADMIN MS 2', '2026-03-07 09:41:36'),
(36, 82, 2, 'in', 9, 0, 9, 'ADMIN MS 2', '2026-03-07 09:41:38'),
(37, 83, 2, 'in', 11, 0, 11, 'ADMIN MS 2', '2026-03-07 09:41:40'),
(38, 43, 2, 'in', 1, 0, 1, 'ADMIN MS 2', '2026-03-07 10:30:01'),
(39, 1, 1, 'in', 10, 0, 10, 'ADMIN MS 1', '2026-03-07 14:34:09'),
(40, 1, 1, 'in', 10, 10, 20, 'ADMIN MS 1', '2026-03-07 14:35:00'),
(41, 1, 1, 'in', 10, 20, 30, 'ADMIN MS 1', '2026-03-07 14:35:51'),
(42, 47, 2, 'in', 1, 0, 1, 'ADMIN MS 2', '2026-03-10 14:45:05'),
(43, 1, 1, 'in', 10, 42, 52, 'ADMIN MS 1', '2026-03-12 07:25:20'),
(44, 42, 2, 'in', 10, 10, 20, 'ADMIN MS 2', '2026-03-12 07:37:05'),
(45, 42, 2, 'out', 15, 20, 5, 'ADMIN MS 2', '2026-03-12 07:37:45'),
(46, 1, 1, 'out', 42, 52, 10, 'ADMIN MS 1', '2026-03-12 09:40:37'),
(47, 1, 1, 'out', 5, 10, 5, 'ADMIN MS 1', '2026-03-12 09:40:54'),
(48, 10, 1, 'in', 10, 0, 10, 'ADMIN MS 1', '2026-03-12 10:07:02'),
(49, 15, 1, 'in', 5, 0, 5, 'ADMIN MS 1', '2026-03-12 10:07:05'),
(50, 28, 1, 'in', 5, 0, 5, 'ADMIN MS 1', '2026-03-12 10:07:07'),
(51, 31, 1, 'in', 4, 0, 4, 'ADMIN MS 1', '2026-03-12 10:07:09'),
(52, 31, 1, 'in', 6, 4, 10, 'ADMIN MS 1', '2026-03-12 11:02:17'),
(53, 63, 2, 'out', 95, 100, 5, 'ADMIN MS 2', '2026-03-14 09:12:04'),
(54, 1, 1, 'out', 5, 5, 0, 'ADMIN MS 1', '2026-03-14 13:21:48'),
(55, 42, 2, 'out', 10, 10, 0, 'ADMIN MS 2', '2026-03-14 13:22:12'),
(56, 42, 2, 'in', 100, 0, 100, 'ADMIN MS 2', '2026-03-14 13:22:15'),
(57, 42, 2, 'in', 8, 100, 108, 'ADMIN MS 2', '2026-03-14 13:22:31'),
(58, 42, 2, 'out', 58, 108, 50, 'ADMIN MS 2', '2026-03-14 13:24:58'),
(59, 42, 2, 'in', 10, 50, 60, 'ADMIN MS 2', '2026-03-14 13:25:28'),
(60, 63, 2, 'in', 5, 5, 10, 'ADMIN MS 2', '2026-03-14 13:39:33');

-- --------------------------------------------------------

--
-- Struktur dari tabel `transactions`
--

CREATE TABLE `transactions` (
  `id` int(11) NOT NULL,
  `item_id` int(11) NOT NULL,
  `type` enum('in','out','return') NOT NULL,
  `qty` int(11) NOT NULL,
  `nik` varchar(20) DEFAULT NULL,
  `created_at` datetime DEFAULT current_timestamp(),
  `lokasi` varchar(10) NOT NULL
) ENGINE=InnoDB DEFAULT CHARSET=utf8mb4 COLLATE=utf8mb4_general_ci;

--
-- Dumping data untuk tabel `transactions`
--

INSERT INTO `transactions` (`id`, `item_id`, `type`, `qty`, `nik`, `created_at`, `lokasi`) VALUES
(35, 1, 'in', 10, 'admin', '2026-03-03 11:26:08', ''),
(36, 1, 'in', 20, 'admin', '2026-03-03 11:26:48', ''),
(37, 1, '', 10, 'admin', '2026-03-03 11:28:37', ''),
(38, 1, '', 10, 'admin', '2026-03-03 11:45:04', ''),
(39, 1, 'return', 10, 'admin', '2026-03-03 11:46:34', ''),
(40, 1, 'in', 12, 'admin', '2026-03-06 09:23:10', ''),
(41, 1, 'out', 22, 'admin', '2026-03-06 09:23:33', ''),
(42, 1, 'in', 12, 'admin', '2026-03-07 14:39:19', ''),
(43, 63, 'in', 10, 'admin', '2026-03-12 11:57:42', ''),
(44, 63, 'out', 10, '2026003', '2026-03-14 07:25:59', ''),
(45, 63, 'out', 3, '2026003', '2026-03-14 07:27:36', ''),
(46, 63, 'in', 100, 'admin', '2026-03-14 07:28:18', ''),
(47, 42, 'in', 10, '2026003', '2026-03-14 07:46:02', ''),
(48, 42, 'out', 10, '2026003', '2026-03-14 07:46:42', ''),
(49, 42, 'return', 5, '2026003', '2026-03-14 07:47:28', ''),
(50, 42, 'out', 10, '2026003', '2026-03-14 13:28:36', ''),
(51, 42, 'return', 5, '2026003', '2026-03-14 13:35:44', ''),
(52, 42, 'in', 30, '2026003', '2026-03-14 13:37:37', '');

-- --------------------------------------------------------

--
-- Struktur dari tabel `users`
--

CREATE TABLE `users` (
  `id` int(11) NOT NULL,
  `nik` varchar(20) NOT NULL,
  `password` varchar(255) NOT NULL,
  `role` enum('operator','monitor','ms1','ms2','all') NOT NULL
) ENGINE=InnoDB DEFAULT CHARSET=utf8mb4 COLLATE=utf8mb4_general_ci;

--
-- Dumping data untuk tabel `users`
--

INSERT INTO `users` (`id`, `nik`, `password`, `role`) VALUES
(1, 'admin', '$2y$10$9vpX9L4XEG01Fm8Xm480S.GowIJUCU948qNzXCGdWzwWGdliDqul.', 'all'),
(14, 'admin_ms1', '$2y$10$WwUuVc5/Ccfsjh.6p2Bx/.M3.WEZMoO.JsJ8lLXX.eolqZM810aQ6', 'ms1'),
(15, 'admin_ms2', '$2y$10$.bAvO//IlS/9ArF9cXA9IOQf3b46F4CZl0T76OuotufQ1LUSrSHIS', 'ms2'),
(16, 'display_supermarket', '$2y$10$AqaPYD8EZoKMeFQx3SEereOf4HwhXFIReqmp8GUnkEu00HOo9MS.6', 'monitor'),
(17, '2026003', '$2y$10$GSOa/GXWziIeN4OrAPJZ5.5TvVU6SJc7DN27a4BrX3m/25M.OEB3u', 'operator');

--
-- Indexes for dumped tables
--

--
-- Indeks untuk tabel `items`
--
ALTER TABLE `items`
  ADD PRIMARY KEY (`id`),
  ADD UNIQUE KEY `part_number` (`part_number`);

--
-- Indeks untuk tabel `karyawan`
--
ALTER TABLE `karyawan`
  ADD PRIMARY KEY (`nik`);

--
-- Indeks untuk tabel `models`
--
ALTER TABLE `models`
  ADD PRIMARY KEY (`id`),
  ADD UNIQUE KEY `model_name` (`model_name`);

--
-- Indeks untuk tabel `model_items`
--
ALTER TABLE `model_items`
  ADD PRIMARY KEY (`id`),
  ADD UNIQUE KEY `unique_model_item` (`model_id`,`item_id`),
  ADD KEY `item_id` (`item_id`);

--
-- Indeks untuk tabel `model_safety`
--
ALTER TABLE `model_safety`
  ADD PRIMARY KEY (`model_id`);

--
-- Indeks untuk tabel `production_plan`
--
ALTER TABLE `production_plan`
  ADD PRIMARY KEY (`id`),
  ADD UNIQUE KEY `unique_plan` (`lokasi_id`,`plan_date`);

--
-- Indeks untuk tabel `stock_logs`
--
ALTER TABLE `stock_logs`
  ADD PRIMARY KEY (`id`),
  ADD KEY `item_id` (`item_id`),
  ADD KEY `lokasi_id` (`lokasi_id`),
  ADD KEY `created_at` (`created_at`);

--
-- Indeks untuk tabel `transactions`
--
ALTER TABLE `transactions`
  ADD PRIMARY KEY (`id`),
  ADD KEY `item_id` (`item_id`),
  ADD KEY `nik` (`nik`);

--
-- Indeks untuk tabel `users`
--
ALTER TABLE `users`
  ADD PRIMARY KEY (`id`),
  ADD UNIQUE KEY `nik` (`nik`);

--
-- AUTO_INCREMENT untuk tabel yang dibuang
--

--
-- AUTO_INCREMENT untuk tabel `items`
--
ALTER TABLE `items`
  MODIFY `id` int(11) NOT NULL AUTO_INCREMENT, AUTO_INCREMENT=95;

--
-- AUTO_INCREMENT untuk tabel `models`
--
ALTER TABLE `models`
  MODIFY `id` int(11) NOT NULL AUTO_INCREMENT, AUTO_INCREMENT=90;

--
-- AUTO_INCREMENT untuk tabel `model_items`
--
ALTER TABLE `model_items`
  MODIFY `id` int(11) NOT NULL AUTO_INCREMENT, AUTO_INCREMENT=1018;

--
-- AUTO_INCREMENT untuk tabel `production_plan`
--
ALTER TABLE `production_plan`
  MODIFY `id` int(11) NOT NULL AUTO_INCREMENT, AUTO_INCREMENT=37;

--
-- AUTO_INCREMENT untuk tabel `stock_logs`
--
ALTER TABLE `stock_logs`
  MODIFY `id` int(11) NOT NULL AUTO_INCREMENT, AUTO_INCREMENT=61;

--
-- AUTO_INCREMENT untuk tabel `transactions`
--
ALTER TABLE `transactions`
  MODIFY `id` int(11) NOT NULL AUTO_INCREMENT, AUTO_INCREMENT=53;

--
-- AUTO_INCREMENT untuk tabel `users`
--
ALTER TABLE `users`
  MODIFY `id` int(11) NOT NULL AUTO_INCREMENT, AUTO_INCREMENT=18;

--
-- Ketidakleluasaan untuk tabel pelimpahan (Dumped Tables)
--

--
-- Ketidakleluasaan untuk tabel `model_items`
--
ALTER TABLE `model_items`
  ADD CONSTRAINT `model_items_ibfk_1` FOREIGN KEY (`model_id`) REFERENCES `models` (`id`) ON DELETE CASCADE,
  ADD CONSTRAINT `model_items_ibfk_2` FOREIGN KEY (`item_id`) REFERENCES `items` (`id`) ON DELETE CASCADE;

--
-- Ketidakleluasaan untuk tabel `stock_logs`
--
ALTER TABLE `stock_logs`
  ADD CONSTRAINT `stock_logs_ibfk_1` FOREIGN KEY (`item_id`) REFERENCES `items` (`id`) ON DELETE CASCADE;

--
-- Ketidakleluasaan untuk tabel `transactions`
--
ALTER TABLE `transactions`
  ADD CONSTRAINT `transactions_ibfk_1` FOREIGN KEY (`item_id`) REFERENCES `items` (`id`) ON DELETE CASCADE,
  ADD CONSTRAINT `transactions_ibfk_2` FOREIGN KEY (`nik`) REFERENCES `karyawan` (`nik`) ON DELETE SET NULL;
COMMIT;

/*!40101 SET CHARACTER_SET_CLIENT=@OLD_CHARACTER_SET_CLIENT */;
/*!40101 SET CHARACTER_SET_RESULTS=@OLD_CHARACTER_SET_RESULTS */;
/*!40101 SET COLLATION_CONNECTION=@OLD_COLLATION_CONNECTION */;
